library,unpaired_reads_examined,read_pairs_examined,secondary_or_supplementary_rds,unmapped_reads,unpaired_read_duplicates,read_pair_duplicates,read_pair_optical_duplicates,percent_duplication,estimated_library_size
E14_53319_Beads_S58_ME_L001,109905,59689589,155759,238025,65711,8693004,5636485,0.146053,459759057
E14_53319_Columns_S59_ME_L001,108367,59233670,148643,219933,65978,8443018,5471095,0.142964,468195884
A03061_S27,49675,14716036,21722,62661,13587,1200817,191976,0.081923,99650256
E14_53319_Promega_S60_ME_L001,95244,53491253,105611,193436,55795,7677197,4542658,0.143916,365691218
E15_46004_Beads_S61_ME_L001,118348,60194501,143274,292648,72119,7933419,4567536,0.132265,440929695
E15_46004_Columns_S62_ME_L001,100430,62011487,150825,216970,61485,8736354,5308678,0.141264,449909307
A02975_S35,81176,22503078,45656,99210,27056,1607385,137592,0.071901,162625295
E15_46004_Promega_S63_ME_L001,79551,46815590,84080,158691,44119,6599824,3861293,0.141326,322396867
